INSERT INTO Tool (id, name, stock)
VALUES
    (1, 'Молоток', 50),
(2, 'Гаечный ключ', 50),
(3, 'Отвертка', 35),
(4, 'Набор головок', 15),
(5, 'Ключ для свечей', 10),
(6, 'Торцевой ключ', 20),
(7, 'Набор отверток', 30),
(8, 'Монтажный трос', 40),
(9, 'Пассатижи', 15),
(10, 'Компрессор', 5),
(11, 'Разводная гайка', 100),
(12, 'Гидравлический домкрат', 5),
(13, 'Клещи-кусачки', 20),
(14, 'Линейка', 30),
(15, 'Сверло', 50)
ON CONFLICT (id) DO NOTHING;

INSERT INTO Detail (id, name, stock, price)
VALUES
    (1, 'Моторное масло', 20, 1000),
(2, 'Тормозная колодка', 15, 1500),
(3, 'Тормозной диск', 20, 2000),
(4, 'Свеча зажигания', 30, 500),
(5, 'Фильтр воздушный', 10, 800),
(6, 'Фильтр масляный', 12, 700),
(7, 'Топливный фильтр', 18, 600),
(8, 'Ремень генератора', 8, 1200),
(9, 'Подшипник ступицы', 5, 2000),
(10, 'Амортизаторы передние', 10, 3000),
(11, 'Рулевая рейка', 3, 4000),
(12, 'Лобовое стекло', 10, 3000),
(13, 'Шина', 30, 500),
(14, 'Аккумулятор', 5, 1500)
ON CONFLICT DO NOTHING;

INSERT INTO STO (id, name, phone)
VALUES
    (1, 'Автосервис "АвтоМастер"', '+71234567890'),
(2, 'Автосервис "АвтоСервисПлюс"', '+79876543210'),
(3, 'Автосервис "Автоэкспресс"', '+75555555555'),
(4, 'Автосервис "Автоштурм"', '+71112223344'),
(5, 'Автосервис "Автохелп"', '+79998887766'),
(6, 'Автосервис "МастерГараж"', '+77777777777'),
(7, 'Автосервис "АвтоСервисЦентр"', '+75554443322'),
(8, 'Автосервис "Гараж"', '+72223334455'),
(9, 'Автосервис "Автофикс"', '+77071234567'),
(10, 'Автосервис "АвтоРемонт"', '+78901234567')
ON CONFLICT DO NOTHING;

INSERT INTO DetailProvider (id, name, contact)
VALUES
    (1, 'Автозапчасти24', 'телефон: 8-800-555-35-35, email: info@avtozapchasti24.ru'),
(2, 'Запчастинет', 'телефон: 8-800-123-45-67, email: info@zapchinnet.ru'),
(3, 'АвтоМир', 'телефон: 8-800-987-65-43, email: info@avto-mir.ru'),
(4, 'Запчасти456', 'телефон: 8-800-111-22-33, email: info@zapchasti456.ru'),
(5, 'Запчасти7', 'телефон: 8-800-999-88-77, email: info@zapchasti7.ru'),
(6, 'АвтоЗапчасти2000', 'телефон: 8-800-222-11-00, email: info@avtozapchasti2000.ru'),
(7, 'ЗапчаМастер', 'телефон: 8-800-456-78-90, email: info@zapchamaster.ru'),
(8, 'АвтоДеталь', 'телефон: 8-800-333-44-55, email: info@avtodetali.ru'),
(9, 'ЗапчастиМир', 'телефон: 8-800-777-99-00, email: info@zapastimir.ru'),
(10, 'АвтоЗапас', 'телефон: 8-800-666-33-22, email: info@avtozapas.ru')
ON CONFLICT DO NOTHING;


INSERT INTO detailprovider_detail (detailprovider_id, detail_id)
VALUES (1, 1),
(1, 2),
(2, 3),
(2, 4),
(3, 5),
(3, 6),
(4, 7),
(4, 8),
(5, 9),
(5, 10),
(6, 11),
(6, 12),
(7, 13),
(7, 14),
(8, 1),
(8, 9),
(9, 2),
(9, 12),
(10, 3),
(10, 10)
ON CONFLICT DO NOTHING;